Amcal,https://au-catalogues.com/archive/amcal-specials,au-catalogues-all
BCF,https://au-catalogues.com/archive/bcf-specials,au-catalogues-all
Big W,https://au-catalogues.com/archive/big-w-specials,au-catalogues-all
BWS,https://au-catalogues.com/archive/bws-specials,au-catalogues-all
Chemist Warehouse,https://au-catalogues.com/archive/chemist-warehouse-specials,au-catalogues-all
Chemist Warehouse NZ,https://my-catalogue.nz/archive/chemist-warehouse,au-catalogues-all
Coles Supermarket,https://au-catalogues.com/archive/coles-specials,au-catalogues-all
Countdown NZ,https://my-catalogue.nz/archive/countdown,au-catalogues-all
Dick Smith,https://au-catalogues.com/archive/dick-smith-specials,au-catalogues-all
Dick Smith NZ,https://my-catalogue.nz/archive/dick-smith,au-catalogues-all
Discount Drug Stores,https://au-catalogues.com/archive/discount-drug-stores-specials,au-catalogues-all
David Jones,https://au-catalogues.com/archive/david-jones-specials,au-catalogues-all
Edgars,https://my-catalogue.co.za/edgars-specials,au-catalogues-all
Farmers NZ,https://my-catalogue.nz/archive/farmers,au-catalogues-all
First Choice,https://au-catalogues.com/archive/first-choice-specials,au-catalogues-all
Foodworks,https://au-catalogues.com/archive/foodworks-specials,au-catalogues-all
Harvey Norman,https://au-catalogues.com/archive/harvey-norman-specials,au-catalogues-all
Harvey Norman NZ,https://my-catalogue.nz/archive/harvey-norman,au-catalogues-all
IGA,https://au-catalogues.com/archive/iga-specials,au-catalogues-all
IGA LIQUOR,https://au-catalogues.com/archive/iga-liquor-specials,au-catalogues-all
JB Hi-Fi,https://au-catalogues.com/archive/jb-hi-fi-specials,au-catalogues-all
JB Hi-Fi NZ,https://my-catalogue.nz/archive/jb-hi-fi,au-catalogues-all
KMart,https://au-catalogues.com/archive/kmart-specials,au-catalogues-all
KMart NZ,https://my-catalogue.nz/archive/kmart,au-catalogues-all
Liquorland,https://au-catalogues.com/archive/liquorland-specials,au-catalogues-all
Liquorland NZ,https://my-catalogue.nz/archive/liquorland,au-catalogues-all
Myer,https://au-catalogues.com/archive/myer-specials,au-catalogues-all
Officeworks,https://au-catalogues.com/archive/officeworks-specials,au-catalogues-all
OMAX NZ,https://my-catalogue.nz/archive/officemax,au-catalogues-all
Priceline Pharmacy,https://au-catalogues.com/archive/priceline-pharmacy-specials,au-catalogues-all
Rebel Sport,https://au-catalogues.com/archive/rebel-sport-specials,au-catalogues-all
Rebel Sport NZ,https://my-catalogue.nz/archive/rebel-sport,au-catalogues-all
Repco,https://au-catalogues.com/archive/repco-specials,au-catalogues-all
Spar ZA,https://my-catalogue.co.za/archive/spar,au-catalogues-all
Spar,https://au-catalogues.com/archive/spar-specials,au-catalogues-all
Spotlight NZ,https://my-catalogue.nz/archive/spotlight,au-catalogues-all
Supercheap Auto,https://au-catalogues.com/archive/supercheap-auto-specials,au-catalogues-all
Supercheap Auto NZ,https://my-catalogue.nz/archive/supercheap-auto,au-catalogues-all
Super Amart,https://au-catalogues.com/archive/amart-furniture-specials,au-catalogues-all
Target,https://au-catalogues.com/archive/target-specials,au-catalogues-all
Target NZ,https://my-catalogue.nz/archive/target,au-catalogues-all
TerryWhite Chemmart,https://au-catalogues.com/archive/terrywhite-chemmart-specials,au-catalogues-all
The Good Guys,https://au-catalogues.com/archive/the-good-guys-specials,au-catalogues-all
Vintage Cellars,https://au-catalogues.com/archive/vintage-cellars-specials,au-catalogues-all
Warehouse Stationary Blue,https://my-catalogue.nz/archive/warehouse-stationery,au-catalogues-all
Warehouse Red,https://my-catalogue.nz/archive/the-warehouse,au-catalogues-all
Woolworths,https://au-catalogues.com/archive/woolworths-specials,au-catalogues-all