Big W,https://au-catalogues.com/big-w-specials,au-catalogues,BIG W Catalogue - 16.7.2020 - 29.7.2020,https://au-catalogues.com/public/gimg/9/2/6/7/6/4/926764-900-100000.jpg
Big W,https://au-catalogues.com/big-w-specials,au-catalogues,BIG W Catalogue - 16.7.2020 - 29.7.2020,https://au-catalogues.com/public/gimg/9/2/6/7/6/7/926767-900-100000.jpg
Big W,https://au-catalogues.com/big-w-specials,au-catalogues,BIG W Catalogue - 16.7.2020 - 29.7.2020,https://au-catalogues.com/public/gimg/9/2/6/7/7/0/926770-900-100000.jpg
Big W,https://au-catalogues.com/big-w-specials,au-catalogues,BIG W Catalogue - 16.7.2020 - 29.7.2020,https://au-catalogues.com/public/gimg/9/2/6/7/7/3/926773-900-100000.jpg
Big W,https://au-catalogues.com/big-w-specials,au-catalogues,BIG W Catalogue - 16.7.2020 - 29.7.2020,https://au-catalogues.com/public/gimg/9/2/6/7/7/6/926776-900-100000.jpg
Big W,https://au-catalogues.com/big-w-specials,au-catalogues,BIG W Catalogue - 16.7.2020 - 29.7.2020,https://au-catalogues.com/public/gimg/9/2/6/7/7/9/926779-900-100000.jpg
Big W,https://au-catalogues.com/big-w-specials,au-catalogues,BIG W Catalogue - 16.7.2020 - 29.7.2020,https://au-catalogues.com/public/gimg/9/2/6/7/8/2/926782-900-100000.jpg
Big W,https://au-catalogues.com/big-w-specials,au-catalogues,BIG W Catalogue - 16.7.2020 - 29.7.2020,https://au-catalogues.com/public/gimg/9/2/6/7/8/5/926785-900-100000.jpg
Big W,https://au-catalogues.com/big-w-specials,au-catalogues,BIG W Catalogue - 16.7.2020 - 29.7.2020,https://au-catalogues.com/public/gimg/9/2/6/7/8/8/926788-900-100000.jpg
Big W,https://au-catalogues.com/big-w-specials,au-catalogues,BIG W Catalogue - 16.7.2020 - 29.7.2020,https://au-catalogues.com/public/gimg/9/2/6/7/9/1/926791-900-100000.jpg
Big W,https://au-catalogues.com/big-w-specials,au-catalogues,BIG W Catalogue - 16.7.2020 - 29.7.2020,https://au-catalogues.com/public/gimg/9/2/6/7/9/4/926794-900-100000.jpg
Big W,https://au-catalogues.com/big-w-specials,au-catalogues,BIG W Catalogue - 16.7.2020 - 29.7.2020,https://au-catalogues.com/public/gimg/9/2/6/7/9/7/926797-900-100000.jpg
Big W,https://au-catalogues.com/big-w-specials,au-catalogues,BIG W Catalogue - 16.7.2020 - 29.7.2020,https://au-catalogues.com/public/gimg/9/2/6/8/0/0/926800-900-100000.jpg
Big W,https://au-catalogues.com/big-w-specials,au-catalogues,BIG W Catalogue - 16.7.2020 - 29.7.2020,https://au-catalogues.com/public/gimg/9/2/6/8/0/3/926803-900-100000.jpg
Big W,https://au-catalogues.com/big-w-specials,au-catalogues,BIG W Catalogue - 16.7.2020 - 29.7.2020,https://au-catalogues.com/public/gimg/9/2/6/8/0/6/926806-900-100000.jpg
Big W,https://au-catalogues.com/big-w-specials,au-catalogues,BIG W Catalogue - 16.7.2020 - 29.7.2020,https://au-catalogues.com/public/gimg/9/2/6/8/0/9/926809-900-100000.jpg
Big W,https://au-catalogues.com/big-w-specials,au-catalogues,BIG W Catalogue - 16.7.2020 - 29.7.2020,https://au-catalogues.com/public/gimg/9/2/6/8/1/2/926812-900-100000.jpg
Big W,https://au-catalogues.com/big-w-specials,au-catalogues,BIG W Catalogue - 16.7.2020 - 29.7.2020,https://au-catalogues.com/public/gimg/9/2/6/8/1/5/926815-900-100000.jpg
Big W,https://au-catalogues.com/big-w-specials,au-catalogues,BIG W Catalogue - 16.7.2020 - 29.7.2020,https://au-catalogues.com/public/gimg/9/2/6/8/1/8/926818-900-100000.jpg
Big W,https://au-catalogues.com/big-w-specials,au-catalogues,BIG W Catalogue - 16.7.2020 - 29.7.2020,https://au-catalogues.com/public/gimg/9/2/6/8/2/1/926821-900-100000.jpg
Big W,https://au-catalogues.com/big-w-specials,au-catalogues,BIG W Catalogue - 16.7.2020 - 29.7.2020,https://au-catalogues.com/public/gimg/9/2/6/8/2/4/926824-900-100000.jpg
Big W,https://au-catalogues.com/big-w-specials,au-catalogues,BIG W Catalogue - 16.7.2020 - 29.7.2020,https://au-catalogues.com/public/gimg/9/2/6/8/2/7/926827-900-100000.jpg
Big W,https://au-catalogues.com/big-w-specials,au-catalogues,BIG W Catalogue - 16.7.2020 - 29.7.2020,https://au-catalogues.com/public/gimg/9/2/6/8/3/0/926830-900-100000.jpg
Big W,https://au-catalogues.com/big-w-specials,au-catalogues,BIG W Catalogue - 16.7.2020 - 29.7.2020,https://au-catalogues.com/public/gimg/9/2/6/8/3/3/926833-900-100000.jpg
Big W,https://au-catalogues.com/big-w-specials,au-catalogues,BIG W Catalogue - 16.7.2020 - 29.7.2020,https://au-catalogues.com/public/gimg/9/2/6/8/3/6/926836-900-100000.jpg
Big W,https://au-catalogues.com/big-w-specials,au-catalogues,BIG W Catalogue - 16.7.2020 - 29.7.2020,https://au-catalogues.com/public/gimg/9/2/6/8/3/9/926839-900-100000.jpg
Big W,https://au-catalogues.com/big-w-specials,au-catalogues,BIG W Catalogue - 16.7.2020 - 29.7.2020,https://au-catalogues.com/public/gimg/9/2/6/8/4/2/926842-900-100000.jpg
Big W,https://au-catalogues.com/big-w-specials,au-catalogues,BIG W Catalogue - 16.7.2020 - 29.7.2020,https://au-catalogues.com/public/gimg/9/2/6/8/4/5/926845-900-100000.jpg
Big W,https://au-catalogues.com/big-w-specials,au-catalogues,BIG W Catalogue - 16.7.2020 - 29.7.2020,https://au-catalogues.com/public/gimg/9/2/6/8/4/8/926848-900-100000.jpg
Big W,https://au-catalogues.com/big-w-specials,au-catalogues,BIG W Catalogue - 16.7.2020 - 29.7.2020,https://au-catalogues.com/public/gimg/9/2/6/8/5/1/926851-900-100000.jpg
Big W,https://au-catalogues.com/big-w-specials,au-catalogues,BIG W Catalogue - 16.7.2020 - 29.7.2020,https://au-catalogues.com/public/gimg/9/2/6/8/5/4/926854-900-100000.jpg
Big W,https://au-catalogues.com/big-w-specials,au-catalogues,BIG W Catalogue - 16.7.2020 - 29.7.2020,https://au-catalogues.com/public/gimg/9/2/6/8/5/7/926857-900-100000.jpg
